date,SPX Index,ES1 Index,NQ1 Index
2022-01-03T00:00:00,4796.56,5514.5,19498.88
2022-01-04T00:00:00,4793.54,5512.48,19250.79
2022-01-05T00:00:00,4700.58,5406.76,18648.45
2022-01-06T00:00:00,4696.05,5401.0,18639.58
2022-01-07T00:00:00,4677.03,5378.25,18429.04
2022-01-10T00:00:00,4670.29,5371.91,18460.98
2022-01-11T00:00:00,4713.07,5421.17,18724.74
2022-01-12T00:00:00,4726.35,5434.13,18791.27
2022-01-13T00:00:00,4659.03,5360.1,18321.71
2022-01-14T00:00:00,4662.85,5363.27,18446.49
2022-01-18T00:00:00,4577.11,5267.06,17985.5
2022-01-19T00:00:00,4532.76,5212.9,17781.47
2022-01-20T00:00:00,4482.73,5155.87,17553.78
2022-01-21T00:00:00,4397.94,5058.22,17063.51
2022-01-24T00:00:00,4410.13,5074.06,17151.63
2022-01-25T00:00:00,4356.45,5010.98,16725.53
2022-01-26T00:00:00,4349.93,5002.34,16746.53
2022-01-27T00:00:00,4326.51,4974.97,16543.38
2022-01-28T00:00:00,4431.85,5096.53,17071.2
2022-01-31T00:00:00,4515.55,5189.86,17629.48
2022-02-01T00:00:00,4546.54,5225.29,17735.63
2022-02-02T00:00:00,4589.38,5273.97,17877.27
2022-02-03T00:00:00,4477.44,5149.24,17141.28
2022-02-04T00:00:00,4500.53,5176.32,17369.86
2022-02-07T00:00:00,4483.87,5157.02,17221.12
2022-02-08T00:00:00,4521.54,5199.36,17427.81
2022-02-09T00:00:00,4587.18,5274.55,17787.08
2022-02-10T00:00:00,4504.08,5182.08,17388.19
2022-02-11T00:00:00,4418.64,5080.69,16843.51
2022-02-14T00:00:00,4401.67,5062.83,16858.3
2022-02-15T00:00:00,4471.07,5144.06,17279.96
2022-02-16T00:00:00,4475.01,5150.4,17268.73
2022-02-17T00:00:00,4380.26,5040.36,16753.92
2022-02-18T00:00:00,4348.87,5004.64,16554.32
2022-02-22T00:00:00,4304.76,4954.52,16396.72
2022-02-23T00:00:00,4225.5,4864.65,15976.53
2022-02-24T00:00:00,4288.7,4936.08,16519.43
2022-02-25T00:00:00,4384.65,5046.7,16772.55
2022-02-28T00:00:00,4373.94,5032.87,16828.73
2022-03-01T00:00:00,4306.26,4958.84,16565.56
2022-03-02T00:00:00,4386.54,5048.71,16842.04
2022-03-03T00:00:00,4363.49,5022.79,16595.13
2022-03-04T00:00:00,4328.87,4985.92,16369.51
2022-03-07T00:00:00,4201.09,4837.57,15755.64
2022-03-08T00:00:00,4170.7,4803.29,15692.07
2022-03-09T00:00:00,4277.88,4926.0,16245.32
2022-03-10T00:00:00,4259.52,4904.36,16068.47
2022-03-11T00:00:00,4204.31,4840.28,15720.38
2022-03-14T00:00:00,4173.11,4806.8,15430.55
2022-03-15T00:00:00,4262.45,4910.99,15910.24
2022-03-16T00:00:00,4357.86,5021.54,16502.02
2022-03-17T00:00:00,4411.67,5082.15,16688.93
2022-03-18T00:00:00,4463.12,5141.61,17050.62
2022-03-21T00:00:00,4461.18,5140.16,16999.75
2022-03-22T00:00:00,4511.61,5201.06,17335.12
2022-03-23T00:00:00,4456.24,5134.68,17090.25
2022-03-24T00:00:00,4520.16,5209.72,17464.95
2022-03-25T00:00:00,4543.06,5237.43,17455.49
2022-03-28T00:00:00,4575.52,5273.8,17726.98
2022-03-29T00:00:00,4631.6,5340.18,18025.68
2022-03-30T00:00:00,4602.45,5306.12,17829.01
2022-03-31T00:00:00,4530.41,5230.79,17589.16
2022-04-01T00:00:00,4545.86,5240.61,17583.25
2022-04-04T00:00:00,4582.64,5285.05,17938.73
2022-04-05T00:00:00,4525.12,5218.67,17540.96
2022-04-06T00:00:00,4481.15,5167.29,17159.16
2022-04-07T00:00:00,4500.21,5190.96,17195.53
2022-04-08T00:00:00,4488.28,5176.24,16948.29
2022-04-11T00:00:00,4412.53,5090.23,16561.46
2022-04-12T00:00:00,4397.45,5071.76,16496.4
2022-04-13T00:00:00,4446.59,5128.62,16823.49
2022-04-14T00:00:00,4392.59,5065.41,16435.78
2022-04-18T00:00:00,4391.69,5064.54,16452.34
2022-04-19T00:00:00,4462.21,5148.25,16818.46
2022-04-20T00:00:00,4459.45,5143.92,16567.08
2022-04-21T00:00:00,4393.66,5068.87,16240.0
2022-04-22T00:00:00,4271.78,4926.58,15796.68
2022-04-25T00:00:00,4296.12,4956.02,16012.27
2022-04-26T00:00:00,4175.2,4814.88,15397.43
2022-04-27T00:00:00,4183.96,4826.14,15389.15
2022-04-28T00:00:00,4287.5,4945.34,15916.45
2022-04-29T00:00:00,4131.93,4765.24,15203.42
2022-05-02T00:00:00,4155.38,4792.37,15464.86
2022-05-03T00:00:00,4175.48,4813.44,15482.01
2022-05-04T00:00:00,4300.17,4958.91,16006.95
2022-05-05T00:00:00,4146.87,4783.42,15210.52
2022-05-06T00:00:00,4123.34,4756.0,15018.59
2022-05-09T00:00:00,3991.24,4603.61,14424.74
2022-05-10T00:00:00,4001.05,4614.28,14608.39
2022-05-11T00:00:00,3935.18,4537.51,14159.76
2022-05-12T00:00:00,3930.08,4534.05,14133.14
2022-05-13T00:00:00,4023.89,4640.84,14648.32
2022-05-16T00:00:00,4008.01,4623.52,14485.07
2022-05-17T00:00:00,4088.85,4715.88,14858.3
2022-05-18T00:00:00,3923.68,4528.85,14119.24
2022-05-19T00:00:00,3900.79,4499.99,14051.52
2022-05-20T00:00:00,3901.36,4502.01,14007.15
2022-05-23T00:00:00,3973.75,4585.42,14237.24
2022-05-24T00:00:00,3941.48,4549.34,13924.64
2022-05-25T00:00:00,3978.73,4591.19,14127.23
2022-05-26T00:00:00,4057.84,4682.4,14525.88
2022-05-27T00:00:00,4158.24,4797.85,14997.29
2022-05-31T00:00:00,4132.15,4769.57,14960.33
2022-06-01T00:00:00,4101.23,4732.33,14847.35
2022-06-02T00:00:00,4176.82,4820.36,15252.81
2022-06-03T00:00:00,4108.54,4741.57,14847.35
2022-06-06T00:00:00,4121.43,4757.16,14911.23
2022-06-07T00:00:00,4160.68,4801.32,15037.22
2022-06-08T00:00:00,4115.77,4749.65,14923.95
2022-06-09T00:00:00,4017.82,4636.8,14520.86
2022-06-10T00:00:00,3900.86,4501.43,14006.27
2022-06-13T00:00:00,3749.63,4331.78,13368.67
2022-06-14T00:00:00,3735.48,4316.49,13391.09
2022-06-15T00:00:00,3789.99,4377.95,13724.5
2022-06-16T00:00:00,3666.77,4236.86,13167.74
2022-06-17T00:00:00,3674.84,4242.06,13332.38
2022-06-21T00:00:00,3764.79,4348.23,13663.42
2022-06-22T00:00:00,3759.89,4342.46,13649.85
2022-06-23T00:00:00,3795.73,4385.16,13852.55
2022-06-24T00:00:00,3911.74,4519.61,14328.17
2022-06-27T00:00:00,3900.11,4505.18,14210.15
2022-06-28T00:00:00,3821.55,4414.88,13777.9
2022-06-29T00:00:00,3818.83,4409.97,13797.67
2022-06-30T00:00:00,3785.38,4373.33,13607.07
2022-07-01T00:00:00,3825.33,4416.9,13703.55
2022-07-05T00:00:00,3831.39,4424.69,13936.34
2022-07-06T00:00:00,3845.08,4441.13,14021.02
2022-07-07T00:00:00,3902.62,4506.62,14325.81
2022-07-08T00:00:00,3899.38,4502.3,14341.74
2022-07-11T00:00:00,3854.43,4450.94,14025.74
2022-07-12T00:00:00,3818.8,4412.86,13901.53
2022-07-13T00:00:00,3801.78,4390.64,13881.76
2022-07-14T00:00:00,3790.38,4377.66,13923.36
2022-07-15T00:00:00,3863.16,4460.46,14171.2
2022-07-18T00:00:00,3830.85,4424.4,14052.59
2022-07-19T00:00:00,3936.69,4544.13,14485.72
2022-07-20T00:00:00,3959.9,4572.98,14711.43
2022-07-21T00:00:00,3998.95,4617.7,14917.67
2022-07-22T00:00:00,3961.63,4575.87,14662.16
2022-07-25T00:00:00,3966.84,4581.64,14580.73
2022-07-26T00:00:00,3921.05,4527.69,14295.12
2022-07-27T00:00:00,4023.61,4644.54,14892.89
2022-07-28T00:00:00,4072.43,4701.08,15032.74
2022-07-29T00:00:00,4130.29,4770.33,15308.91
2022-08-01T00:00:00,4118.63,4755.33,15298.29
2022-08-02T00:00:00,4091.19,4724.45,15253.44
2022-08-03T00:00:00,4155.17,4796.58,15662.97
2022-08-04T00:00:00,4151.94,4791.97,15728.47
2022-08-05T00:00:00,4145.19,4785.62,15612.51
2022-08-08T00:00:00,4140.06,4779.85,15558.81
2022-08-09T00:00:00,4122.47,4759.94,15379.72
2022-08-10T00:00:00,4210.24,4858.61,15805.18
2022-08-11T00:00:00,4207.27,4858.33,15709.88
2022-08-12T00:00:00,4280.15,4940.55,16024.4
2022-08-15T00:00:00,4297.14,4960.46,16146.55
2022-08-16T00:00:00,4305.2,4971.42,16119.41
2022-08-17T00:00:00,4274.04,4935.65,15924.68
2022-08-18T00:00:00,4283.74,4946.9,15960.08
2022-08-19T00:00:00,4228.48,4883.43,15659.43
2022-08-22T00:00:00,4137.99,4779.27,15236.03
2022-08-23T00:00:00,4128.73,4766.87,15220.39
2022-08-24T00:00:00,4140.77,4781.0,15259.64
2022-08-25T00:00:00,4199.12,4848.23,15526.65
2022-08-26T00:00:00,4057.66,4684.93,14894.66
2022-08-29T00:00:00,4030.61,4652.33,14743.89
2022-08-30T00:00:00,3986.16,4601.84,14585.74
2022-08-31T00:00:00,3955.0,4566.06,14499.0
2022-09-01T00:00:00,3966.85,4580.2,14507.26
2022-09-02T00:00:00,3924.26,4529.13,14285.38
2022-09-06T00:00:00,3908.19,4512.97,14184.77
2022-09-07T00:00:00,3979.87,4593.18,14473.03
2022-09-08T00:00:00,4006.18,4622.61,14542.08
2022-09-09T00:00:00,4067.36,4693.87,14861.61
2022-09-12T00:00:00,4110.41,4745.0,15041.37
2022-09-13T00:00:00,3932.69,4538.48,14211.21
2022-09-14T00:00:00,3946.01,4556.0,14336.13
2022-09-15T00:00:00,3901.35,4502.87,14084.24
2022-09-16T00:00:00,3873.33,4469.26,13997.44
2022-09-19T00:00:00,3899.89,4500.57,14103.59
2022-09-20T00:00:00,3855.93,4449.44,13984.25
2022-09-21T00:00:00,3789.93,4373.04,13735.29
2022-09-22T00:00:00,3757.99,4333.69,13565.79
2022-09-23T00:00:00,3693.23,4261.31,13344.4
2022-09-26T00:00:00,3655.04,4216.5,13273.44
2022-09-27T00:00:00,3647.29,4206.16,13293.96
2022-09-28T00:00:00,3719.04,4287.73,13554.36
2022-09-29T00:00:00,3640.47,4198.4,13170.22
2022-09-30T00:00:00,3585.62,4137.8,12944.13
2022-10-03T00:00:00,3678.43,4239.77,13237.66
2022-10-04T00:00:00,3790.93,4369.59,13654.06
2022-10-05T00:00:00,3783.28,4358.96,13634.12
2022-10-06T00:00:00,3744.52,4316.17,13537.94
2022-10-07T00:00:00,3639.66,4197.26,13021.54
2022-10-10T00:00:00,3612.39,4165.09,12884.31
2022-10-11T00:00:00,3588.84,4135.21,12720.68
2022-10-12T00:00:00,3577.03,4122.86,12715.4
2022-10-13T00:00:00,3669.91,4230.0,13000.72
2022-10-14T00:00:00,3583.07,4133.2,12602.21
2022-10-17T00:00:00,3677.95,4238.62,13031.81
2022-10-18T00:00:00,3719.98,4288.59,13135.61
2022-10-19T00:00:00,3695.16,4259.3,13082.24
2022-10-20T00:00:00,3665.78,4222.53,13008.93
2022-10-21T00:00:00,3752.75,4324.5,13322.99
2022-10-24T00:00:00,3797.34,4376.49,13464.04
2022-10-25T00:00:00,3859.11,4446.57,13739.39
2022-10-26T00:00:00,3830.6,4412.96,13425.63
2022-10-27T00:00:00,3807.3,4388.26,13178.43
2022-10-28T00:00:00,3901.06,4493.67,13591.01
2022-10-31T00:00:00,3871.98,4461.22,13427.09
2022-11-01T00:00:00,3856.1,4441.69,13291.91
2022-11-02T00:00:00,3759.69,4329.95,12837.39
2022-11-03T00:00:00,3719.89,4282.85,12583.45
2022-11-04T00:00:00,3770.55,4342.31,12773.76
2022-11-07T00:00:00,3806.8,4383.38,12919.2
2022-11-08T00:00:00,3828.11,4406.36,13013.04
2022-11-09T00:00:00,3748.57,4314.73,12703.97
2022-11-10T00:00:00,3956.37,4550.83,13644.09
2022-11-11T00:00:00,3992.93,4595.93,13897.15
2022-11-14T00:00:00,3957.25,4556.58,13764.32
2022-11-15T00:00:00,3991.73,4595.07,13963.13
2022-11-16T00:00:00,3958.79,4559.45,13769.89
2022-11-17T00:00:00,3946.56,4544.23,13735.87
2022-11-18T00:00:00,3965.34,4565.77,13732.94
2022-11-21T00:00:00,3949.94,4547.39,13592.19
2022-11-22T00:00:00,4003.58,4607.42,13787.48
2022-11-23T00:00:00,4027.26,4633.55,13914.45
2022-11-25T00:00:00,4026.12,4632.98,13820.62
2022-11-28T00:00:00,3963.94,4561.46,13625.32
2022-11-29T00:00:00,3957.63,4551.98,13518.0
2022-11-30T00:00:00,4080.11,4688.99,14125.0
2022-12-01T00:00:00,4076.57,4689.56,14149.05
2022-12-02T00:00:00,4071.7,4682.38,14087.46
2022-12-05T00:00:00,3998.84,4599.37,13847.6
2022-12-06T00:00:00,3941.26,4532.45,13566.38
2022-12-07T00:00:00,3933.92,4522.97,13500.11
2022-12-08T00:00:00,3963.51,4556.29,13659.63
2022-12-09T00:00:00,3934.38,4522.4,13570.78
2022-12-12T00:00:00,3990.56,4587.07,13741.24
2022-12-13T00:00:00,4019.65,4621.55,13891.09
2022-12-14T00:00:00,3995.32,4593.62,13786.83
2022-12-15T00:00:00,3895.75,4475.67,13308.26
2022-12-16T00:00:00,3852.36,4420.68,13177.87
2022-12-19T00:00:00,3817.66,4382.51,13001.89
2022-12-20T00:00:00,3821.62,4386.78,12981.57
2022-12-21T00:00:00,3878.44,4451.17,13165.97
2022-12-22T00:00:00,3822.39,4386.78,12840.43
2022-12-23T00:00:00,3844.82,4410.14,12864.83
2022-12-27T00:00:00,3829.25,4393.33,12679.26
2022-12-28T00:00:00,3783.22,4339.2,12513.45
2022-12-29T00:00:00,3849.28,4412.42,12815.46
2022-12-30T00:00:00,3839.5,4400.17,12803.26
2023-01-03T00:00:00,3824.14,4383.08,12714.11
2023-01-04T00:00:00,3852.97,4415.56,12776.55
2023-01-05T00:00:00,3808.1,4363.7,12568.62
2023-01-06T00:00:00,3895.08,4462.28,12909.26
2023-01-09T00:00:00,3892.09,4460.29,12992.89
2023-01-10T00:00:00,3919.25,4491.06,13104.98
2023-01-11T00:00:00,3969.61,4547.18,13330.91
2023-01-12T00:00:00,3983.17,4562.57,13397.99
2023-01-13T00:00:00,3999.09,4579.38,13483.66
2023-01-17T00:00:00,3990.97,4569.41,13502.83
2023-01-18T00:00:00,3928.86,4496.75,13330.04
2023-01-19T00:00:00,3898.85,4462.28,13191.52
2023-01-20T00:00:00,3972.61,4545.47,13563.81
2023-01-23T00:00:00,4019.81,4600.18,13862.34
2023-01-24T00:00:00,4016.95,4595.9,13833.88
2023-01-25T00:00:00,4016.22,4595.05,13791.77
2023-01-26T00:00:00,4060.43,4644.62,14063.0
2023-01-27T00:00:00,4070.56,4654.6,14197.16
2023-01-30T00:00:00,4017.77,4595.62,13901.83
2023-01-31T00:00:00,4076.6,4661.15,14115.56
2023-02-01T00:00:00,4119.21,4709.3,14420.19
2023-02-02T00:00:00,4179.76,4776.82,14922.57
2023-02-03T00:00:00,4136.48,4726.96,14663.83
2023-02-06T00:00:00,4111.08,4699.33,14537.8
2023-02-07T00:00:00,4164.0,4758.87,14841.26
2023-02-08T00:00:00,4117.86,4707.3,14572.35
2023-02-09T00:00:00,4081.5,4663.14,14433.25
2023-02-10T00:00:00,4090.46,4672.26,14341.2
2023-02-13T00:00:00,4137.29,4726.39,14566.84
2023-02-14T00:00:00,4136.13,4724.4,14671.96
2023-02-15T00:00:00,4147.6,4738.93,14786.96
2023-02-16T00:00:00,4090.41,4672.26,14499.46
2023-02-17T00:00:00,4079.09,4658.3,14392.02
2023-02-21T00:00:00,3997.34,4565.13,14051.38
2023-02-22T00:00:00,3991.05,4557.44,14052.26
2023-02-23T00:00:00,4012.32,4579.95,14180.03
2023-02-24T00:00:00,3970.04,4530.94,13935.52
2023-02-27T00:00:00,3982.24,4544.9,14035.7
2023-02-28T00:00:00,3970.15,4530.66,14022.93
2023-03-01T00:00:00,3951.39,4509.01,13894.57
2023-03-02T00:00:00,3981.35,4541.2,14011.02
2023-03-03T00:00:00,4045.64,4615.28,14300.54
2023-03-06T00:00:00,4048.42,4618.41,14314.77
2023-03-07T00:00:00,3986.37,4546.9,14135.31
2023-03-08T00:00:00,3992.01,4552.88,14204.13
2023-03-09T00:00:00,3918.32,4467.41,13947.42
2023-03-10T00:00:00,3861.59,4402.16,13753.44
2023-03-13T00:00:00,3855.76,4392.28,13852.26
2023-03-14T00:00:00,3919.29,4466.26,14176.3
2023-03-15T00:00:00,3891.93,4433.23,14223.13
2023-03-16T00:00:00,3960.28,4511.72,14611.23
2023-03-17T00:00:00,3916.64,4458.07,14529.93
2023-03-20T00:00:00,3951.57,4498.74,14580.21
2023-03-21T00:00:00,4002.87,4558.32,14785.61
2023-03-22T00:00:00,3936.97,4484.62,14601.47
2023-03-23T00:00:00,3948.72,4493.09,14770.38
2023-03-24T00:00:00,3970.99,4519.35,14812.04
2023-03-27T00:00:00,3977.53,4526.13,14695.12
2023-03-28T00:00:00,3971.27,4519.63,14630.77
2023-03-29T00:00:00,4027.81,4582.88,14897.93
2023-03-30T00:00:00,4050.83,4608.3,15032.37
2023-03-31T00:00:00,4109.31,4673.52,15284.89
2023-04-03T00:00:00,4124.51,4691.59,15248.4
2023-04-04T00:00:00,4100.6,4663.64,15189.8
2023-04-05T00:00:00,4090.38,4650.37,15029.79
2023-04-06T00:00:00,4105.02,4667.03,15134.35
2023-04-07T00:00:00,,4667.03,15134.35
2023-04-10T00:00:00,4109.11,4671.83,15119.7
2023-04-11T00:00:00,4108.94,4672.11,15024.04
2023-04-12T00:00:00,4091.95,4652.35,14883.28
2023-04-13T00:00:00,4146.22,4713.05,15179.17
2023-04-14T00:00:00,4137.64,4702.89,15146.42
2023-04-17T00:00:00,4151.32,4717.57,15152.45
2023-04-18T00:00:00,4154.87,4721.24,15159.92
2023-04-19T00:00:00,4154.52,4719.55,15148.43
2023-04-20T00:00:00,4129.79,4690.18,15023.47
2023-04-21T00:00:00,4133.52,4694.98,15042.14
2023-04-24T00:00:00,4137.04,4698.09,15003.07
2023-04-25T00:00:00,4071.63,4623.26,14719.25
2023-04-26T00:00:00,4055.99,4603.78,14809.16
2023-04-27T00:00:00,4135.35,4691.59,15203.87
2023-04-28T00:00:00,4169.48,4730.84,15306.14
2023-05-01T00:00:00,4167.87,4727.74,15290.63
2023-05-02T00:00:00,4119.58,4672.39,15150.15
2023-05-03T00:00:00,4090.75,4639.36,15053.92
2023-05-04T00:00:00,4061.22,4603.49,14988.42
2023-05-05T00:00:00,4136.25,4687.64,15303.27
2023-05-08T00:00:00,4138.12,4690.47,15342.91
2023-05-09T00:00:00,4119.17,4669.29,15242.37
2023-05-10T00:00:00,4137.64,4689.62,15408.7
2023-05-11T00:00:00,4130.62,4680.3,15451.22
2023-05-12T00:00:00,4124.08,4673.81,15393.47
2023-05-15T00:00:00,4136.28,4687.36,15475.92
2023-05-16T00:00:00,4109.9,4656.86,15493.44
2023-05-17T00:00:00,4158.77,4711.64,15677.59
2023-05-18T00:00:00,4198.05,4757.39,15965.43
2023-05-19T00:00:00,4191.98,4749.2,15924.07
2023-05-22T00:00:00,4192.63,4749.48,15975.2
2023-05-23T00:00:00,4145.58,4697.24,15775.55
2023-05-24T00:00:00,4115.24,4660.25,15685.34
2023-05-25T00:00:00,4151.28,4698.37,16060.23
2023-05-26T00:00:00,4205.45,4758.8,16469.31
2023-05-30T00:00:00,4205.52,4760.78,16543.14
2023-05-31T00:00:00,4179.83,4733.1,16432.54
2023-06-01T00:00:00,4221.02,4775.46,16629.89
2023-06-02T00:00:00,4282.37,4843.23,16748.25
2023-06-05T00:00:00,4273.79,4835.32,16763.76
2023-06-06T00:00:00,4283.85,4845.2,16761.18
2023-06-07T00:00:00,4267.52,4827.7,16468.16
2023-06-08T00:00:00,4293.93,4854.81,16665.23
2023-06-09T00:00:00,4298.86,4862.15,16726.42
2023-06-12T00:00:00,4338.93,4906.03,17011.32
2023-06-13T00:00:00,4369.01,4938.17,17138.74
2023-06-14T00:00:00,4372.59,4940.13,17252.53
2023-06-15T00:00:00,4425.84,4999.11,17450.89
2023-06-16T00:00:00,4409.59,4979.54,17330.57
2023-06-20T00:00:00,4388.71,4958.3,17317.52
2023-06-21T00:00:00,4365.69,4929.79,17076.31
2023-06-22T00:00:00,4381.89,4946.0,17270.13
2023-06-23T00:00:00,4348.33,4907.15,17092.48
2023-06-26T00:00:00,4328.82,4886.18,16863.48
2023-06-27T00:00:00,4378.41,4940.41,17152.93
2023-06-28T00:00:00,4376.86,4939.01,17173.93
2023-06-29T00:00:00,4396.44,4959.42,17140.16
2023-06-30T00:00:00,4450.38,5018.12,17408.89
2023-07-03T00:00:00,4455.59,5022.59,17440.39
2023-07-05T00:00:00,4446.82,5013.08,17435.85
2023-07-06T00:00:00,4411.59,4972.0,17296.52
2023-07-07T00:00:00,4398.95,4957.46,17232.67
2023-07-10T00:00:00,4409.53,4968.92,17238.63
2023-07-11T00:00:00,4439.26,5001.62,17321.49
2023-07-12T00:00:00,4472.16,5039.64,17531.2
2023-07-13T00:00:00,4510.04,5079.89,17833.98
2023-07-14T00:00:00,4505.42,5072.34,17814.4
2023-07-17T00:00:00,4522.79,5091.35,17980.69
2023-07-18T00:00:00,4554.98,5129.36,18132.79
2023-07-19T00:00:00,4565.72,5139.7,18115.2
2023-07-20T00:00:00,4534.87,5104.49,17698.62
2023-07-21T00:00:00,4536.34,5103.65,17639.31
2023-07-24T00:00:00,4554.64,5124.61,17663.43
2023-07-25T00:00:00,4567.46,5138.59,17790.28
2023-07-26T00:00:00,4566.75,5137.75,17719.62
2023-07-27T00:00:00,4537.41,5103.09,17674.5
2023-07-28T00:00:00,4582.23,5150.33,17988.35
2023-07-31T00:00:00,4588.96,5159.27,17999.7
2023-08-01T00:00:00,4576.73,5144.46,17954.02
2023-08-02T00:00:00,4513.39,5072.9,17563.26
2023-08-03T00:00:00,4501.89,5055.57,17524.39
2023-08-04T00:00:00,4478.03,5029.02,17428.19
2023-08-07T00:00:00,4518.44,5073.46,17577.45
2023-08-08T00:00:00,4499.38,5051.94,17428.47
2023-08-09T00:00:00,4467.71,5015.32,17228.69
2023-08-10T00:00:00,4468.83,5015.32,17254.8
2023-08-11T00:00:00,4464.05,5009.73,17135.05
2023-08-14T00:00:00,4489.72,5037.96,17333.12
2023-08-15T00:00:00,4437.86,4979.82,17147.25
2023-08-16T00:00:00,4404.33,4941.81,16960.81
2023-08-17T00:00:00,4370.36,4902.12,16774.37
2023-08-18T00:00:00,4369.71,4900.16,16735.78
2023-08-21T00:00:00,4399.77,4933.42,17010.19
2023-08-22T00:00:00,4387.55,4918.61,16979.26
2023-08-23T00:00:00,4436.01,4972.0,17248.27
2023-08-24T00:00:00,4376.31,4903.79,16869.72
2023-08-25T00:00:00,4405.71,4935.38,17002.81
2023-08-28T00:00:00,4433.31,4966.69,17131.36
2023-08-29T00:00:00,4497.63,5038.8,17498.28
2023-08-30T00:00:00,4514.87,5058.37,17595.33
2023-08-31T00:00:00,4507.66,5049.14,17637.61
2023-09-01T00:00:00,4515.77,5055.29,17612.36
2023-09-05T00:00:00,4496.83,5034.05,17633.07
2023-09-06T00:00:00,4465.48,4999.39,17479.83
2023-09-07T00:00:00,4451.14,4982.34,17346.74
2023-09-08T00:00:00,4457.49,4988.49,17364.05
2023-09-11T00:00:00,4487.46,5019.73,17566.34
2023-09-12T00:00:00,4461.9,4991.25,17371.06
2023-09-13T00:00:00,4467.44,4995.4,17429.62
2023-09-14T00:00:00,4505.1,5036.87,17565.5
2023-09-15T00:00:00,4450.32,4973.84,17250.3
2023-09-18T00:00:00,4453.53,4977.71,17275.24
2023-09-19T00:00:00,4443.95,4964.99,17231.25
2023-09-20T00:00:00,4402.2,4917.44,16981.05
2023-09-21T00:00:00,4330.0,4834.51,16656.88
2023-09-22T00:00:00,4320.06,4822.34,16664.45
2023-09-25T00:00:00,4337.44,4841.97,16738.14
2023-09-26T00:00:00,4273.53,4771.2,16491.3
2023-09-27T00:00:00,4274.51,4769.82,16518.2
2023-09-28T00:00:00,4299.7,4796.36,16653.52
2023-09-29T00:00:00,4288.05,4783.09,16661.09
2023-10-02T00:00:00,4288.39,4781.7,16793.61
2023-10-03T00:00:00,4229.45,4715.91,16490.74
2023-10-04T00:00:00,4263.75,4752.4,16725.25
2023-10-05T00:00:00,4258.19,4744.66,16655.76
2023-10-06T00:00:00,4308.5,4800.78,16936.22
2023-10-09T00:00:00,4335.66,4830.91,17020.28
2023-10-10T00:00:00,4358.24,4856.07,17114.13
2023-10-11T00:00:00,4376.95,4876.25,17236.57
2023-10-12T00:00:00,4349.61,4843.91,17163.73
2023-10-13T00:00:00,4327.78,4818.2,16945.47
2023-10-16T00:00:00,4373.63,4866.57,17135.15
2023-10-17T00:00:00,4373.2,4867.4,17080.51
2023-10-18T00:00:00,4314.6,4801.61,16839.0
2023-10-19T00:00:00,4278.0,4758.21,16687.42
2023-10-20T00:00:00,4224.16,4697.94,16434.14
2023-10-23T00:00:00,4217.04,4690.48,16487.94
2023-10-24T00:00:00,4247.68,4723.1,16638.67
2023-10-25T00:00:00,4186.77,4655.09,16225.97
2023-10-26T00:00:00,4137.23,4596.21,15907.41
2023-10-27T00:00:00,4117.37,4575.48,15987.26
2023-10-30T00:00:00,4166.82,4628.55,16156.77
2023-10-31T00:00:00,4193.8,4657.86,16239.42
2023-11-01T00:00:00,4237.86,4706.23,16524.36
2023-11-02T00:00:00,4317.78,4794.42,16808.46
2023-11-03T00:00:00,4358.34,4838.93,17011.03
2023-11-06T00:00:00,4365.98,4848.05,17071.27
2023-11-07T00:00:00,4378.38,4861.05,17230.13
2023-11-08T00:00:00,4382.78,4864.92,17243.86
2023-11-09T00:00:00,4347.35,4823.72,17097.6
2023-11-10T00:00:00,4415.24,4899.19,17478.93
2023-11-13T00:00:00,4411.55,4893.39,17423.73
2023-11-14T00:00:00,4495.7,4988.21,17796.65
2023-11-15T00:00:00,4502.88,4997.33,17807.3
2023-11-16T00:00:00,4508.24,5001.76,17816.54
2023-11-17T00:00:00,4514.02,5006.46,17814.58
2023-11-20T00:00:00,4547.38,5044.88,18028.36
2023-11-21T00:00:00,4538.19,5032.72,17920.49
2023-11-22T00:00:00,4556.62,5050.41,17986.61
2023-11-24T00:00:00,4559.34,5051.52,17954.95
2023-11-27T00:00:00,4550.43,5043.5,17941.22
2023-11-28T00:00:00,4554.89,5045.71,17985.21
2023-11-29T00:00:00,4550.58,5041.56,17958.03
2023-11-30T00:00:00,4567.8,5060.92,17915.16
2023-12-01T00:00:00,4594.63,5087.46,17958.03
2023-12-04T00:00:00,4569.78,5060.64,17784.6
2023-12-05T00:00:00,4567.18,5058.98,17829.15
2023-12-06T00:00:00,4549.34,5037.97,17724.36
2023-12-07T00:00:00,4585.59,5075.02,17974.84
2023-12-08T00:00:00,4604.37,5094.92,18041.53
2023-12-11T00:00:00,4622.44,5114.87,18197.78
2023-12-12T00:00:00,4643.7,5135.37,18336.62
2023-12-13T00:00:00,4707.09,5204.79,18559.8
2023-12-14T00:00:00,4719.55,5219.28,18532.98
2023-12-15T00:00:00,4719.19,5212.72,18607.37
2023-12-18T00:00:00,4740.56,5240.05,18739.57
2023-12-19T00:00:00,4768.37,5269.84,18831.66
2023-12-20T00:00:00,4698.35,5192.77,18547.63
2023-12-21T00:00:00,4746.75,5244.15,18758.1
2023-12-22T00:00:00,4754.63,5253.44,18784.09
2023-12-26T00:00:00,4774.75,5275.04,18898.59
2023-12-27T00:00:00,4781.58,5284.33,18931.5
2023-12-28T00:00:00,4783.35,5282.96,18906.33
2023-12-29T00:00:00,4769.83,5269.57,18832.22
2024-01-02T00:00:00,4742.83,5233.76,18496.47
2024-01-03T00:00:00,4704.81,5189.21,18295.13
2024-01-04T00:00:00,4688.68,5170.63,18192.25
2024-01-05T00:00:00,4697.24,5176.37,18209.12
2024-01-08T00:00:00,4763.54,5249.07,18589.12
2024-01-09T00:00:00,4756.5,5239.78,18618.43
2024-01-10T00:00:00,4783.45,5269.84,18745.65
2024-01-11T00:00:00,4780.24,5264.65,18768.88
2024-01-12T00:00:00,4783.83,5265.74,18772.2
2024-01-16T00:00:00,4765.98,5246.06,18769.16
2024-01-17T00:00:00,4739.21,5216.27,18662.13
2024-01-18T00:00:00,4780.94,5260.0,18927.91
2024-01-19T00:00:00,4839.81,5323.69,19291.31
2024-01-22T00:00:00,4850.43,5336.26,19313.43
2024-01-23T00:00:00,4864.6,5351.56,19393.91
2024-01-24T00:00:00,4868.55,5354.84,19493.2
2024-01-25T00:00:00,4894.16,5382.45,19508.13
2024-01-26T00:00:00,4890.97,5374.8,19389.21
2024-01-29T00:00:00,4927.93,5416.61,19587.23
2024-01-30T00:00:00,4924.97,5412.79,19457.25
2024-01-31T00:00:00,4845.65,5324.78,19074.21
2024-02-01T00:00:00,4906.19,5388.19,19289.37
2024-02-02T00:00:00,4958.61,5444.77,19616.82
2024-02-05T00:00:00,4942.81,5424.81,19580.59
2024-02-06T00:00:00,4954.23,5438.75,19536.34
2024-02-07T00:00:00,4995.06,5483.03,19737.4
2024-02-08T00:00:00,4997.91,5485.76,19766.72
2024-02-09T00:00:00,5026.61,5514.46,19955.89
2024-02-12T00:00:00,5021.84,5511.46,19873.75
2024-02-13T00:00:00,4953.17,5434.93,19554.87
2024-02-14T00:00:00,5000.62,5486.04,19780.82
2024-02-15T00:00:00,5029.73,5517.2,19815.95
2024-02-16T00:00:00,5005.57,5487.95,19629.27
2024-02-20T00:00:00,4975.51,5457.07,19477.99
2024-02-21T00:00:00,4981.8,5462.26,19400.0
2024-02-22T00:00:00,5087.03,5573.23,19965.01
2024-02-23T00:00:00,5088.8,5577.33,19902.51
2024-02-26T00:00:00,5069.53,5554.09,19887.02
2024-02-27T00:00:00,5078.18,5564.75,19935.7
2024-02-28T00:00:00,5069.76,5554.91,19818.71
2024-02-29T00:00:00,5096.27,5579.79,20004.01
2024-03-01T00:00:00,5137.08,5625.98,20286.66
2024-03-04T00:00:00,5130.95,5617.5,20202.3
2024-03-05T00:00:00,5078.65,5560.11,19835.31
2024-03-06T00:00:00,5104.76,5588.53,19961.42
2024-03-07T00:00:00,5157.36,5643.19,20262.32
2024-03-08T00:00:00,5123.69,5607.39,19964.18
2024-03-11T00:00:00,5117.94,5600.1,19875.81
2024-03-12T00:00:00,5175.27,5660.04,20160.58
2024-03-13T00:00:00,5165.31,5650.59,19998.28
2024-03-14T00:00:00,5150.48,5634.93,19936.36
2024-03-15T00:00:00,5117.09,5596.86,19703.96
2024-03-18T00:00:00,5149.42,5631.42,19892.44
2024-03-19T00:00:00,5178.51,5660.58,19934.45
2024-03-20T00:00:00,5224.62,5709.17,20163.31
2024-03-21T00:00:00,5241.53,5726.18,20252.78
2024-03-22T00:00:00,5234.18,5716.19,20266.97
2024-03-25T00:00:00,5218.19,5699.99,20200.14
2024-03-26T00:00:00,5203.58,5685.95,20129.76
2024-03-27T00:00:00,5248.49,5732.39,20189.5
2024-03-28T00:00:00,5254.35,5732.66,20158.13
2024-04-01T00:00:00,5243.77,5718.35,20182.41
2024-04-02T00:00:00,5205.81,5680.82,19999.92
2024-04-03T00:00:00,5211.49,5687.3,20047.11
2024-04-04T00:00:00,5147.21,5612.52,19723.6
2024-04-05T00:00:00,5204.34,5672.72,19968.0
2024-04-08T00:00:00,5202.39,5672.99,19961.73
2024-04-09T00:00:00,5209.91,5680.55,20032.38
2024-04-10T00:00:00,5160.64,5623.86,19854.53
2024-04-11T00:00:00,5199.06,5662.2,20169.04
2024-04-12T00:00:00,5123.41,5580.39,19835.43
2024-04-15T00:00:00,5061.82,5511.82,19504.83
2024-04-16T00:00:00,5051.41,5499.4,19510.29
2024-04-17T00:00:00,5022.21,5466.73,19267.24
2024-04-18T00:00:00,5011.12,5452.42,19145.86
2024-04-19T00:00:00,4967.23,5403.56,18745.97
2024-04-22T00:00:00,5010.6,5450.8,18930.64
2024-04-23T00:00:00,5070.55,5514.52,19210.78
2024-04-24T00:00:00,5071.63,5515.6,19273.79
2024-04-25T00:00:00,5048.42,5488.33,19167.95
2024-04-26T00:00:00,5099.96,5541.52,19471.55
2024-04-29T00:00:00,5116.17,5558.25,19535.38
2024-04-30T00:00:00,5035.69,5471.86,19172.04
2024-05-01T00:00:00,5018.39,5449.72,19026.93
2024-05-02T00:00:00,5064.2,5498.32,19257.7
2024-05-03T00:00:00,5127.79,5566.62,19640.67
2024-05-06T00:00:00,5180.74,5622.51,19853.16
2024-05-07T00:00:00,5187.7,5630.34,19857.53
2024-05-08T00:00:00,5187.67,5629.26,19843.34
2024-05-09T00:00:00,5214.08,5657.61,19873.9
2024-05-10T00:00:00,5222.68,5665.44,19918.09
2024-05-13T00:00:00,5221.42,5664.63,19962.28
2024-05-14T00:00:00,5246.68,5690.54,20092.66
2024-05-15T00:00:00,5308.15,5759.12,20394.62
2024-05-16T00:00:00,5297.1,5745.35,20349.07
2024-05-17T00:00:00,5303.27,5752.91,20332.98
2024-05-20T00:00:00,5308.13,5757.77,20472.37
2024-05-21T00:00:00,5321.41,5772.35,20511.92
2024-05-22T00:00:00,5307.01,5753.72,20498.28
2024-05-23T00:00:00,5267.84,5707.55,20399.53
2024-05-24T00:00:00,5304.72,5746.7,20595.66
2024-05-28T00:00:00,5306.04,5750.21,20666.04
2024-05-29T00:00:00,5266.95,5706.2,20515.74
2024-05-30T00:00:00,5235.48,5672.72,20301.61
2024-05-31T00:00:00,5277.51,5718.62,20284.7
2024-06-03T00:00:00,5283.4,5720.51,20344.98
2024-06-04T00:00:00,5291.34,5727.8,20404.72
2024-06-05T00:00:00,5354.03,5794.75,20811.97
2024-06-06T00:00:00,5352.96,5792.59,20796.7
2024-06-07T00:00:00,5346.99,5783.68,20772.15
2024-06-10T00:00:00,5360.79,5800.42,20850.71
2024-06-11T00:00:00,5375.32,5814.19,20995.28
2024-06-12T00:00:00,5421.03,5861.17,21272.69
2024-06-13T00:00:00,5433.74,5873.05,21388.35
2024-06-14T00:00:00,5431.6,5871.97,21478.91
2024-06-17T00:00:00,5473.23,5918.92,21745.17
2024-06-18T00:00:00,5487.03,5933.33,21748.94
2024-06-20T00:00:00,5473.17,5917.06,21571.52
2024-06-21T00:00:00,5464.62,5906.12,21519.02
2024-06-24T00:00:00,5447.87,5887.71,21269.19
2024-06-25T00:00:00,5469.3,5909.05,21507.71
2024-06-26T00:00:00,5477.9,5915.99,21551.06
2024-06-27T00:00:00,5482.87,5918.66,21580.14
2024-06-28T00:00:00,5460.48,5892.51,21459.26
2024-07-01T00:00:00,5475.09,5905.58,21593.6
2024-07-02T00:00:00,5509.01,5942.93,21812.47
2024-07-03T00:00:00,5537.02,5965.88,21980.73
2024-07-05T00:00:00,5567.19,5999.23,22206.07
2024-07-08T00:00:00,5572.85,6003.23,22248.07
2024-07-09T00:00:00,5576.98,6009.63,22268.26
2024-07-10T00:00:00,5633.91,6070.2,22506.52
2024-07-11T00:00:00,5584.54,6018.71,22013.31
2024-07-12T00:00:00,5615.35,6045.39,22101.88
2024-07-15T00:00:00,5631.22,6064.86,22166.23
2024-07-16T00:00:00,5667.2,6101.41,22181.57
2024-07-17T00:00:00,5588.27,6017.91,21534.91
2024-07-18T00:00:00,5544.59,5970.41,21429.1
2024-07-19T00:00:00,5505.0,5926.93,21228.53
2024-07-22T00:00:00,5564.41,5987.76,21538.68
2024-07-23T00:00:00,5555.74,5975.48,21456.83
2024-07-24T00:00:00,5427.13,5839.68,20679.59
2024-07-25T00:00:00,5399.22,5806.87,20452.37
2024-07-26T00:00:00,5459.1,5868.5,20648.63
2024-07-29T00:00:00,5463.54,5872.77,20686.06
2024-07-30T00:00:00,5436.44,5840.22,20392.07
2024-07-31T00:00:00,5522.3,5931.46,21004.81
2024-08-01T00:00:00,5446.68,5848.49,20485.76
2024-08-02T00:00:00,5346.56,5737.23,19982.85
2024-08-05T00:00:00,5186.33,5568.08,19398.11
2024-08-06T00:00:00,5240.03,5620.11,19576.6
2024-08-07T00:00:00,5199.5,5578.75,19347.76
2024-08-08T00:00:00,5319.31,5707.62,19949.47
2024-08-09T00:00:00,5344.16,5731.1,20047.2
2024-08-12T00:00:00,5344.39,5730.56,20072.5
2024-08-13T00:00:00,5434.43,5825.81,20572.98
2024-08-14T00:00:00,5455.21,5845.02,20584.56
2024-08-15T00:00:00,5543.22,5941.6,21086.65
2024-08-16T00:00:00,5554.25,5953.07,21113.04
2024-08-19T00:00:00,5608.25,6008.3,21384.41
2024-08-20T00:00:00,5597.12,5997.36,21332.45
2024-08-21T00:00:00,5620.85,6020.57,21440.14
2024-08-22T00:00:00,5570.64,5969.88,21083.42
2024-08-23T00:00:00,5634.61,6032.31,21312.26
2024-08-26T00:00:00,5616.84,6015.77,21097.42
2024-08-27T00:00:00,5625.8,6024.04,21164.73
2024-08-28T00:00:00,5592.18,5987.22,20908.43
2024-08-29T00:00:00,5591.96,5986.96,20884.2
2024-08-30T00:00:00,5648.4,6041.38,21131.61
2024-09-03T00:00:00,5528.93,5914.12,20467.72
2024-09-04T00:00:00,5520.07,5901.58,20420.34
2024-09-05T00:00:00,5503.41,5882.64,20421.41
2024-09-06T00:00:00,5408.42,5783.66,19877.32
2024-09-09T00:00:00,5471.05,5847.69,20129.31
2024-09-10T00:00:00,5495.52,5873.83,20314.26
2024-09-11T00:00:00,5554.13,5934.93,20752.55
2024-09-12T00:00:00,5595.76,5978.69,20942.35
2024-09-13T00:00:00,5626.02,6008.03,21031.73
2024-09-16T00:00:00,5633.09,6016.74,20923.47
2024-09-17T00:00:00,5634.58,6017.8,20934.65
2024-09-18T00:00:00,5618.26,5996.42,20833.3
2024-09-19T00:00:00,5713.64,6099.88,21373.27
2024-09-20T00:00:00,5702.55,6082.99,21309.7
2024-09-23T00:00:00,5718.57,6098.56,21364.76
2024-09-24T00:00:00,5732.93,6114.66,21458.12
2024-09-25T00:00:00,5722.26,6100.94,21483.93
2024-09-26T00:00:00,5745.37,6127.86,21648.05
2024-09-27T00:00:00,5738.17,6113.87,21515.31
2024-09-30T00:00:00,5762.48,6138.15,21557.61
2024-10-01T00:00:00,5708.75,6080.61,21253.04
2024-10-02T00:00:00,5709.54,6081.14,21290.02
2024-10-03T00:00:00,5699.94,6069.79,21269.27
2024-10-04T00:00:00,5751.07,6123.11,21521.43
2024-10-07T00:00:00,5695.94,6064.78,21271.93
2024-10-08T00:00:00,5751.13,6123.63,21597.24
2024-10-09T00:00:00,5792.04,6166.65,21772.8
2024-10-10T00:00:00,5780.05,6153.72,21736.89
2024-10-11T00:00:00,5815.03,6186.18,21758.43
2024-10-14T00:00:00,5859.85,6237.39,21938.51
2024-10-15T00:00:00,5815.26,6189.35,21643.52
2024-10-16T00:00:00,5842.47,6214.95,21651.5
2024-10-17T00:00:00,5841.47,6214.95,21671.19
2024-10-18T00:00:00,5864.67,6235.01,21794.08
2024-10-21T00:00:00,5853.98,6224.72,21832.38
2024-10-22T00:00:00,5851.2,6220.76,21856.32
2024-10-23T00:00:00,5797.42,6162.96,21514.25
2024-10-24T00:00:00,5809.86,6174.84,21684.22
2024-10-25T00:00:00,5808.12,6171.67,21810.3
2024-10-28T00:00:00,5823.52,6188.03,21808.44
2024-10-29T00:00:00,5832.92,6198.06,22020.71
2024-10-30T00:00:00,5813.67,6178.0,21848.61
2024-10-31T00:00:00,5705.45,6058.18,21302.78
2024-11-01T00:00:00,5728.8,6079.03,21442.7
2024-11-04T00:00:00,5712.69,6063.19,21371.14
2024-11-05T00:00:00,5782.76,6136.04,21643.26
2024-11-06T00:00:00,5929.04,6290.17,22230.84
2024-11-07T00:00:00,5973.1,6338.21,22582.75
2024-11-08T00:00:00,5995.54,6360.9,22589.67
2024-11-11T00:00:00,6001.35,6367.77,22575.31
2024-11-12T00:00:00,5983.99,6347.97,22545.25
2024-11-13T00:00:00,5985.38,6351.14,22513.33
2024-11-14T00:00:00,5949.17,6311.29,22356.13
2024-11-15T00:00:00,5870.62,6224.98,21804.98
2024-11-18T00:00:00,5893.62,6249.79,21953.67
2024-11-19T00:00:00,5916.98,6269.59,22096.51
2024-11-20T00:00:00,5917.11,6268.53,22076.56
2024-11-21T00:00:00,5948.71,6303.1,22162.21
2024-11-22T00:00:00,5969.34,6320.52,22183.76
2024-11-25T00:00:00,5987.37,6341.11,22216.21
2024-11-26T00:00:00,6021.63,6374.63,22336.71
2024-11-27T00:00:00,5998.74,6350.08,22144.66
2024-11-29T00:00:00,6032.38,6388.62,22336.71
2024-12-02T00:00:00,6047.15,6399.44,22575.57
2024-12-03T00:00:00,6049.88,6401.02,22643.13
2024-12-04T00:00:00,6086.49,6438.23,22914.45
2024-12-05T00:00:00,6075.11,6427.94,22847.15
2024-12-06T00:00:00,6090.27,6438.76,23042.39
2024-12-09T00:00:00,6052.85,6403.66,22858.33
2024-12-10T00:00:00,6034.91,6383.07,22774.8
2024-12-11T00:00:00,6084.19,6432.16,23187.89
2024-12-12T00:00:00,6051.25,6398.38,23036.54
2024-12-13T00:00:00,6051.09,6392.84,23190.29
2024-12-16T00:00:00,6074.08,6422.32,23532.65
2024-12-17T00:00:00,6050.61,6394.4,23434.46
2024-12-18T00:00:00,5872.16,6199.25,22580.92
2024-12-19T00:00:00,5867.08,6192.73,22452.0
2024-12-20T00:00:00,5930.85,6263.43,22648.91
2024-12-23T00:00:00,5974.07,6299.18,22845.04
2024-12-24T00:00:00,6040.04,6363.88,23134.1
2024-12-26T00:00:00,6037.59,6361.01,23112.57
2024-12-27T00:00:00,5970.84,6289.78,22787.54
2024-12-30T00:00:00,5906.94,6218.56,22491.12
2024-12-31T00:00:00,5881.63,6194.55,22291.85
2025-01-02T00:00:00,5868.55,6174.47,22229.89
2025-01-03T00:00:00,5942.47,6250.65,22596.41
2025-01-06T00:00:00,5975.38,6283.0,22835.85
2025-01-07T00:00:00,5909.03,6213.86,22431.79
2025-01-08T00:00:00,5918.25,6219.08,22432.84
2025-01-09T00:00:00,,6219.08,22432.84
2025-01-10T00:00:00,5827.04,6122.02,22070.79
2025-01-13T00:00:00,5836.22,6130.63,21998.58
2025-01-14T00:00:00,5842.91,6138.72,21969.44
2025-01-15T00:00:00,5949.91,6250.13,22474.32
2025-01-16T00:00:00,5937.34,6236.04,22316.27
2025-01-17T00:00:00,5996.66,6296.57,22678.58
2025-01-21T00:00:00,6049.24,6349.53,22799.09
2025-01-22T00:00:00,6086.37,6387.36,23104.7
2025-01-23T00:00:00,6118.71,6420.23,23144.34
2025-01-24T00:00:00,6101.24,6400.67,23010.97
2025-01-27T00:00:00,6012.28,6310.39,22325.46
2025-01-28T00:00:00,6067.7,6362.84,22664.93
2025-01-29T00:00:00,6039.31,6332.05,22603.49
2025-01-30T00:00:00,6071.17,6365.18,22710.09
2025-01-31T00:00:00,6040.53,6331.79,22672.81
2025-02-03T00:00:00,5994.57,6284.83,22479.31
2025-02-04T00:00:00,6037.88,6327.35,22757.87
2025-02-05T00:00:00,6061.48,6351.88,22855.28
2025-02-06T00:00:00,6083.57,6372.23,22969.49
2025-02-07T00:00:00,6025.99,6313.26,22674.38
2025-02-10T00:00:00,6066.44,6354.23,22942.97
2025-02-11T00:00:00,6068.5,6357.88,22880.22
2025-02-12T00:00:00,6051.97,6337.53,22899.12
2025-02-13T00:00:00,6115.07,6402.75,23223.11
2025-02-14T00:00:00,6114.63,6399.36,23310.27
2025-02-18T00:00:00,6129.58,6414.75,23348.08
2025-02-19T00:00:00,6144.15,6431.71,23367.24
2025-02-20T00:00:00,6117.52,6404.06,23253.04
2025-02-21T00:00:00,6013.13,6291.87,22767.32
2025-02-24T00:00:00,5983.25,6262.39,22495.32
2025-02-25T00:00:00,5955.25,6230.3,22210.46
2025-02-26T00:00:00,5956.06,6231.08,22250.37
2025-02-27T00:00:00,5861.57,6132.46,21639.95
2025-02-28T00:00:00,5954.5,6223.25,21969.44
2025-03-03T00:00:00,5849.72,6116.28,21495.54
2025-03-04T00:00:00,5778.15,6041.93,21422.82
2025-03-05T00:00:00,5842.63,6106.37,21702.17
2025-03-06T00:00:00,5738.52,5996.79,21097.52
2025-03-07T00:00:00,5770.2,6027.84,21245.07
2025-03-10T00:00:00,5614.56,5865.82,20429.08
2025-03-11T00:00:00,5572.07,5820.16,20372.63
2025-03-12T00:00:00,5599.3,5849.12,20603.15
2025-03-13T00:00:00,5521.52,5768.5,20215.1
2025-03-14T00:00:00,5638.94,5885.91,20701.34
2025-03-17T00:00:00,5675.12,5927.27,20824.75
2025-03-18T00:00:00,5614.66,5862.13,20475.04
2025-03-19T00:00:00,5675.29,5924.69,20734.07
2025-03-20T00:00:00,5662.89,5907.11,20659.51
2025-03-21T00:00:00,5667.56,5912.79,20744.47
2025-03-24T00:00:00,5767.57,6013.35,21173.94
2025-03-25T00:00:00,5776.65,6024.73,21292.67
2025-03-26T00:00:00,5712.2,5955.45,20906.07
2025-03-27T00:00:00,5693.31,5934.51,20774.87
2025-03-28T00:00:00,5580.94,5814.3,20220.69
2025-03-31T00:00:00,5611.85,5845.58,20202.5
2025-04-01T00:00:00,5633.07,5867.56,20373.97
2025-04-02T00:00:00,5670.97,5906.59,20533.5
2025-04-03T00:00:00,5396.52,5617.58,19408.51
2025-04-04T00:00:00,5074.08,5284.11,18227.4
2025-04-07T00:00:00,5062.25,5270.67,18252.61
2025-04-08T00:00:00,4982.77,5191.05,17920.57
2025-04-09T00:00:00,5456.9,5677.81,20045.83
2025-04-10T00:00:00,5268.05,5482.38,19210.01
2025-04-11T00:00:00,5363.36,5574.67,19545.69
2025-04-14T00:00:00,5405.97,5625.85,19677.94
2025-04-15T00:00:00,5396.63,5612.93,19704.44
2025-04-16T00:00:00,5275.7,5486.26,19106.87
2025-04-17T00:00:00,5282.7,5493.5,19102.19
2025-04-21T00:00:00,5158.2,5361.14,18625.7
2025-04-22T00:00:00,5287.76,5495.57,19106.61
2025-04-23T00:00:00,5375.86,5585.53,19542.05
2025-04-24T00:00:00,5484.77,5698.75,20080.39
2025-04-25T00:00:00,5525.21,5738.56,20302.01
2025-04-28T00:00:00,5528.75,5741.92,20294.47
2025-04-29T00:00:00,5560.83,5773.72,20412.95
2025-04-30T00:00:00,5569.06,5777.08,20430.09
2025-05-01T00:00:00,5604.14,5814.56,20650.67
2025-05-02T00:00:00,5686.67,5903.23,20987.91
2025-05-05T00:00:00,5650.38,5864.71,20842.68
2025-05-06T00:00:00,5606.91,5817.15,20656.65
2025-05-07T00:00:00,5631.28,5844.29,20744.47
2025-05-08T00:00:00,5663.94,5877.9,20938.81
2025-05-09T00:00:00,5659.91,5871.17,20927.12
2025-05-12T00:00:00,5844.19,6064.54,21770.99
2025-05-13T00:00:00,5886.55,6105.38,22113.16
2025-05-14T00:00:00,5892.58,6109.52,22232.15
2025-05-15T00:00:00,5916.93,6135.11,22240.21
2025-05-16T00:00:00,5958.38,6178.8,22350.11
2025-05-19T00:00:00,5963.6,6186.03,22371.93
2025-05-20T00:00:00,5940.46,6162.51,22289.05
2025-05-21T00:00:00,5844.61,6060.66,21987.15
2025-05-22T00:00:00,5842.01,6056.01,22009.49
2025-05-23T00:00:00,5802.82,6014.9,21798.27
2025-05-27T00:00:00,5921.54,6136.14,22302.82
2025-05-28T00:00:00,5888.55,6103.57,22218.9
2025-05-29T00:00:00,5912.17,6124.25,22248.78
2025-05-30T00:00:00,5911.69,6117.27,22215.79
2025-06-02T00:00:00,5935.94,6149.59,22379.73
2025-06-03T00:00:00,5970.37,6185.0,22557.96
2025-06-04T00:00:00,5970.81,6184.48,22620.83
2025-06-05T00:00:00,5939.3,6148.29,22429.35
2025-06-06T00:00:00,6000.36,6211.11,22644.74
2025-06-09T00:00:00,6005.88,6214.73,22677.99
2025-06-10T00:00:00,6038.81,6250.66,22824.53
2025-06-11T00:00:00,6022.24,6234.12,22746.58
2025-06-12T00:00:00,6045.26,6255.31,22793.35
2025-06-13T00:00:00,5976.97,6182.67,22493.78
2025-06-16T00:00:00,6033.11,6242.38,22810.19
2025-06-17T00:00:00,5982.72,6189.85,22591.79
2025-06-18T00:00:00,5980.87,6185.49,22580.73
2025-06-20T00:00:00,5967.84,6168.84,22477.32
2025-06-23T00:00:00,6025.17,6229.31,22712.7
2025-06-24T00:00:00,6092.18,6300.3,23061.77
2025-06-25T00:00:00,6092.16,6301.07,23111.42
2025-06-26T00:00:00,6141.02,6350.27,23325.7
2025-06-27T00:00:00,6173.07,6379.74,23410.33
2025-06-30T00:00:00,6204.95,6410.49,23556.18
2025-07-01T00:00:00,6198.01,6405.37,23349.88
2025-07-02T00:00:00,6227.42,6432.28,23504.48
2025-07-03T00:00:00,6279.35,6482.76,23730.33
2025-07-07T00:00:00,6229.98,6433.3,23547.44
2025-07-08T00:00:00,6225.52,6429.2,23559.78
2025-07-09T00:00:00,6263.26,6465.34,23720.3
2025-07-10T00:00:00,6280.46,6482.76,23679.66
2025-07-11T00:00:00,6259.75,6457.9,23623.84
2025-07-14T00:00:00,6268.56,6469.18,23702.55
2025-07-15T00:00:00,6243.76,6441.5,23724.42
2025-07-16T00:00:00,6263.7,6461.24,23744.74
2025-07-17T00:00:00,6297.36,6499.42,23924.29
2025-07-18T00:00:00,6296.79,6493.52,23896.77
2025-07-21T00:00:00,6305.6,6503.78,24017.93
2025-07-22T00:00:00,6309.62,6505.83,23898.83
2025-07-23T00:00:00,6358.91,6556.57,23985.77
2025-07-24T00:00:00,6363.35,6561.95,24054.46
2025-07-25T00:00:00,6388.64,6586.04,24099.47
2025-07-28T00:00:00,6389.77,6583.73,24171.5
2025-07-29T00:00:00,6370.86,6566.56,24131.11
2025-07-30T00:00:00,6362.9,6556.57,24160.44
2025-07-31T00:00:00,6339.39,6534.01,24041.59
2025-08-01T00:00:00,6238.01,6421.51,23546.41
2025-08-04T00:00:00,6329.94,6515.31,23971.11
2025-08-05T00:00:00,6299.19,6483.79,23801.85
2025-08-06T00:00:00,6345.06,6530.68,24101.02
2025-08-07T00:00:00,6340.0,6526.07,24176.64
2025-08-08T00:00:00,6389.45,6574.25,24400.44
2025-08-11T00:00:00,6373.45,6560.15,24321.98
2025-08-12T00:00:00,6445.76,6630.63,24631.19
2025-08-13T00:00:00,6466.58,6651.38,24639.93
2025-08-14T00:00:00,6468.54,6653.18,24623.47
2025-08-15T00:00:00,6449.8,6633.7,24493.31
2025-08-18T00:00:00,6449.15,6631.4,24486.88
2025-08-19T00:00:00,6411.37,6593.72,24149.12
2025-08-20T00:00:00,6395.78,6573.99,23999.41
2025-08-21T00:00:00,6370.17,6548.37,23892.14
2025-08-22T00:00:00,6466.91,6645.75,24252.27
2025-08-25T00:00:00,6439.32,6617.3,24178.7
2025-08-26T00:00:00,6465.94,6644.98,24274.65
2025-08-27T00:00:00,6481.4,6658.82,24312.98
2025-08-28T00:00:00,6501.86,6680.86,24457.29
2025-08-29T00:00:00,6460.26,6634.98,24141.15
2025-09-02T00:00:00,6415.54,6586.55,23948.99
2025-09-03T00:00:00,6448.26,6619.1,24127.77
2025-09-04T00:00:00,6502.08,6673.94,24353.37
2025-09-05T00:00:00,6481.5,6652.41,24369.83
2025-09-08T00:00:00,6495.15,6669.07,24488.93
2025-09-09T00:00:00,6512.61,6685.21,24565.33
2025-09-10T00:00:00,6532.04,6703.66,24569.19
2025-09-11T00:00:00,6587.47,6757.73,24713.25
2025-09-12T00:00:00,6584.29,6753.38,24811.51
2025-09-15T00:00:00,6615.28,6788.19,25015.04
2025-09-16T00:00:00,6606.76,6776.25,24986.0
2025-09-17T00:00:00,6600.35,6767.35,24927.92
2025-09-18T00:00:00,6631.96,6802.67,25172.72
2025-09-19T00:00:00,6664.36,6832.14,25336.51
2025-09-22T00:00:00,6693.75,6862.63,25475.84
2025-09-23T00:00:00,6656.92,6824.52,25296.77
2025-09-24T00:00:00,6637.97,6801.4,25207.1
2025-09-25T00:00:00,6604.72,6768.37,25095.02
2025-09-26T00:00:00,6643.7,6805.72,25194.37
2025-09-29T00:00:00,6661.21,6823.0,25307.47
2025-09-30T00:00:00,6688.46,6848.66,25372.68
2025-10-01T00:00:00,6711.2,6871.78,25490.62
2025-10-02T00:00:00,6715.35,6877.11,25584.87
2025-10-03T00:00:00,6715.79,6874.32,25464.63
2025-10-06T00:00:00,6740.28,6899.47,25661.03
2025-10-07T00:00:00,6714.59,6871.78,25512.78
2025-10-08T00:00:00,6753.72,6912.18,25810.04
2025-10-09T00:00:00,6735.11,6889.82,25767.51
2025-10-10T00:00:00,6552.51,6702.82,24858.38
2025-10-13T00:00:00,6654.72,6803.94,25393.56
2025-10-14T00:00:00,6644.31,6795.56,25230.79
2025-10-15T00:00:00,6671.06,6824.52,25395.86
2025-10-16T00:00:00,6629.07,6777.52,25300.84
2025-10-17T00:00:00,6664.01,6811.82,25459.03
2025-10-20T00:00:00,6735.13,6884.23,25783.81
2025-10-21T00:00:00,6735.35,6883.72,25773.11
2025-10-22T00:00:00,6699.4,6846.88,25512.78
2025-10-23T00:00:00,6738.44,6885.5,25731.59
2025-10-24T00:00:00,6791.69,6938.35,25991.67
2025-10-27T00:00:00,6875.16,7020.92,26454.76
2025-10-28T00:00:00,6890.89,7038.71,26658.29
2025-10-29T00:00:00,6890.59,7035.66,26759.16
2025-10-30T00:00:00,6822.34,6967.31,26372.23
2025-10-31T00:00:00,6840.2,6986.11,26495.77
2025-11-03T00:00:00,6851.97,6995.01,26596.9
2025-11-04T00:00:00,6771.55,6912.68,26058.91
2025-11-05T00:00:00,6796.29,6936.57,26233.15
2025-11-06T00:00:00,6720.32,6857.55,25721.65
2025-11-07T00:00:00,6728.8,6863.9,25642.18
2025-11-10T00:00:00,6832.43,6968.58,26200.8
2025-11-11T00:00:00,6846.61,6983.57,26125.65
2025-11-12T00:00:00,6850.92,6987.89,26108.33
2025-11-13T00:00:00,6737.49,6870.25,25569.33
2025-11-14T00:00:00,6734.11,6865.43,25568.56
2025-11-17T00:00:00,6672.41,6801.15,25349.5
2025-11-18T00:00:00,6617.32,6748.04,25060.89
2025-11-19T00:00:00,6642.16,6770.15,25189.27
2025-11-20T00:00:00,6538.76,6664.45,24587.86
2025-11-21T00:00:00,6602.99,6728.22,24765.15
2025-11-24T00:00:00,6705.12,6830.87,25420.06
2025-11-25T00:00:00,6765.88,6892.1,25559.9
2025-11-26T00:00:00,6812.61,6939.36,25780.75
2025-11-28T00:00:00,6849.09,6971.38,25963.9
2025-12-01T00:00:00,6812.63,6938.09,25871.43
2025-12-02T00:00:00,6829.37,6951.81,26090.25
2025-12-03T00:00:00,6849.72,6973.92,26142.72
2025-12-04T00:00:00,6857.12,6978.75,26107.31
2025-12-05T00:00:00,6870.4,6990.43,26218.63
2025-12-08T00:00:00,6846.51,6967.57,26149.34
2025-12-09T00:00:00,6840.51,6959.94,26185.77
2025-12-10T00:00:00,6886.68,7004.15,26285.88
2025-12-11T00:00:00,6901.0,7019.91,26199.78
2025-12-12T00:00:00,6827.41,6942.16,25690.32
2025-12-15T00:00:00,6816.51,6932.59,25562.47
2025-12-16T00:00:00,6800.26,6907.65,25600.3
2025-12-17T00:00:00,6721.43,6829.32,25114.62
2025-12-18T00:00:00,6774.76,6881.71,25480.77
2025-12-19T00:00:00,6834.5,6938.88,25796.49
2025-12-22T00:00:00,6878.49,6982.21,25915.0
2025-12-23T00:00:00,6909.79,7013.19,26036.04
2025-12-24T00:00:00,6932.05,7034.85,26104.89
2025-12-26T00:00:00,6929.94,7031.57,26087.49
2025-12-29T00:00:00,6905.74,7007.14,25962.92
2025-12-30T00:00:00,6896.24,6996.31,25897.86
2025-12-31T00:00:00,6845.5,6944.17,25677.46
2026-01-02T00:00:00,6858.47,6952.23,25605.34
2026-01-05T00:00:00,6902.05,6995.81,25799.51
2026-01-06T00:00:00,6944.82,7040.14,26045.88
2026-01-07T00:00:00,6920.93,7015.45,26062.77
2026-01-08T00:00:00,6921.46,7014.19,25910.21
2026-01-09T00:00:00,6966.28,7057.52,26163.14
2026-01-12T00:00:00,6977.27,7069.1,26181.8
2026-01-13T00:00:00,6963.74,7054.24,26130.61
2026-01-14T00:00:00,6926.6,7018.48,25853.22
2026-01-15T00:00:00,6944.47,7034.09,25928.62
2026-01-16T00:00:00,6940.01,7029.05,25911.73
2026-01-20T00:00:00,6796.86,6880.7,25347.12
2026-01-21T00:00:00,6875.62,6961.8,25691.84
2026-01-22T00:00:00,6913.35,6997.07,25880.71
2026-01-23T00:00:00,6915.61,6997.82,25961.4
2026-01-26T00:00:00,6950.23,7033.59,26072.61
2026-01-27T00:00:00,6978.6,7061.04,26299.05
2026-01-28T00:00:00,6978.03,7059.78,26383.03
2026-01-29T00:00:00,6969.01,7045.17,26224.67
2026-01-30T00:00:00,6939.03,7017.97,25892.56
2026-02-02T00:00:00,6976.44,7055.0,26074.12
2026-02-03T00:00:00,6917.81,6993.79,25672.67
2026-02-04T00:00:00,6882.72,6958.03,25216.0
2026-02-05T00:00:00,6798.4,6871.89,24864.73
2026-02-06T00:00:00,6932.3,7004.87,25381.42
2026-02-09T00:00:00,6964.82,7035.6,25573.82
2026-02-10T00:00:00,6941.81,7013.69,25436.89
2026-02-11T00:00:00,6941.47,7012.68,25507.75
2026-02-12T00:00:00,6832.76,6902.36,24982.74
2026-02-13T00:00:00,6836.17,6901.86,25018.3
2026-02-17T00:00:00,6843.22,6911.93,24982.49
2026-02-18T00:00:00,6881.31,6945.94,25172.37
2026-02-19T00:00:00,6861.89,6928.56,25074.28
2026-02-20T00:00:00,6909.51,6975.15,25284.84
2026-02-23T00:00:00,6837.75,6902.87,24977.44
2026-02-24T00:00:00,6890.07,6955.51,25245.75
2026-02-25T00:00:00,6946.13,7011.93,25602.06
2026-02-26T00:00:00,6908.86,6971.88,25298.45
2026-02-27T00:00:00,6878.88,6940.65,25221.54
2026-03-02T00:00:00,6881.62,6939.89,25242.22
2026-03-03T00:00:00,6816.63,6875.92,24970.38
2026-03-04T00:00:00,6869.5,6927.55,25346.11
2026-03-05T00:00:00,6830.71,6886.49,25266.68
2026-03-06T00:00:00,6740.02,6794.31,24884.14
2026-03-09T00:00:00,6795.99,6851.99,25207.67
2026-03-10T00:00:00,6781.48,6838.13,25199.1
2026-03-11T00:00:00,6775.8,6830.33,25200.11
2026-03-12T00:00:00,6672.62,6727.56,24772.94
2026-03-13T00:00:00,6632.19,6685.75,24605.75
2026-03-16T00:00:00,6699.38,6755.5,24891.25
2026-03-17T00:00:00,6716.09,6773.25,25015.5
2026-03-18T00:00:00,6624.7,6677.0,24651.25
2026-03-19T00:00:00,6606.49,6660.0,24580.0
2026-03-20T00:00:00,6506.48,6559.0,24101.5
